key,file,english_text
fact.livelihood,public/audio/en/fact.livelihood.mp3,"What work does your family do?"
option.livelihood.fishing,public/audio/en/option.livelihood.fishing.mp3,"Fishing"
option.livelihood.plantation_worker,public/audio/en/option.livelihood.plantation_worker.mp3,"Plantation or estate work"
option.livelihood.allied_fish_worker,public/audio/en/option.livelihood.allied_fish_worker.mp3,"Allied fishery work"
option.livelihood.other,public/audio/en/option.livelihood.other.mp3,"Other work"
fact.registered_fisher,public/audio/en/fact.registered_fisher.mp3,"Is the person applying a registered fisher?"
fact.active_fisher,public/audio/en/fact.active_fisher.mp3,"Does the person applying still work as a fisher (an active fisher)?"
fact.bpl,public/audio/en/fact.bpl.mp3,"Is your family in the BPL (below poverty line) category?"
fact.bank_account,public/audio/en/fact.bank_account.mp3,"Does the person applying have a bank account?"
fact.traditional_fisher,public/audio/en/fact.traditional_fisher.mp3,"Is the person applying a registered traditional fisher?"
fact.kfwfb_member,public/audio/en/fact.kfwfb_member.mp3,"Is the person a member of the Kerala Fishermen's Welfare Fund Board (Matsyaboard)?"
fact.age,public/audio/en/fact.age.mp3,"How old is the person applying?"
option.age.0-22,public/audio/en/option.age.0-22.mp3,"Up to 22 years"
option.age.23-59,public/audio/en/option.age.23-59.mp3,"23 to 59 years"
option.age.60-60,public/audio/en/option.age.60-60.mp3,"60 years"
option.age.61-plus,public/audio/en/option.age.61-plus.mp3,"61 years or more"
fact.plantation_member,public/audio/en/fact.plantation_member.mp3,"Is the worker a member of the Small Plantation Workers Welfare Fund?"
fact.unable_due_infirmity,public/audio/en/fact.unable_due_infirmity.mp3,"Is the member unable to work due to infirmity?"
fact.permanent_disability,public/audio/en/fact.permanent_disability.mp3,"Does the member have a permanent disability?"
fact.daughter_marriage,public/audio/en/fact.daughter_marriage.mp3,"Is there a marriage to apply for: a woman member's own marriage, or the marriage of a member's daughter?"
fact.female_member,public/audio/en/fact.female_member.mp3,"Is the person applying a woman?"
fact.matsyafed_society_member,public/audio/en/fact.matsyafed_society_member.mp3,"Is the person a member of a fishermen cooperative society affiliated to Matsyafed?"
fact.kfwfb_contributions_paid,public/audio/en/fact.kfwfb_contributions_paid.mp3,"Are the Fishermen Welfare Fund Board contributions fully paid, with no arrears?"
fact.kfwfb_membership_years,public/audio/en/fact.kfwfb_membership_years.mp3,"How many years ago was the first Welfare Fund Board contribution paid?"
option.kfwfb_membership_years.0-2,public/audio/en/option.kfwfb_membership_years.0-2.mp3,"Up to 2 years"
option.kfwfb_membership_years.3-4,public/audio/en/option.kfwfb_membership_years.3-4.mp3,"3 to 4 years"
option.kfwfb_membership_years.5-plus,public/audio/en/option.kfwfb_membership_years.5-plus.mp3,"5 years or more"
fact.fisher_work_10_years,public/audio/en/fact.fisher_work_10_years.mp3,"Has the person worked and earned a living as a fisherman in Kerala for at least 10 years?"
fact.retired_from_fishing,public/audio/en/fact.retired_from_fishing.mp3,"Has the person stopped fishing work (retired)?"
fact.annual_family_income,public/audio/en/fact.annual_family_income.mp3,"What is your family's total income in a year?"
option.annual_family_income.0-49999,public/audio/en/option.annual_family_income.0-49999.mp3,"Up to ₹49,999"
option.annual_family_income.50000-50000,public/audio/en/option.annual_family_income.50000-50000.mp3,"₹50,000"
option.annual_family_income.50001-plus,public/audio/en/option.annual_family_income.50001-plus.mp3,"More than ₹50,000"
fact.kfwfb_family_status,public/audio/en/fact.kfwfb_family_status.mp3,"Which of these describe your family? Choose all that apply."
option.kfwfb_family_status.member_under_60,public/audio/en/option.kfwfb_family_status.member_under_60.mp3,"Board member fisherman, under 60"
option.kfwfb_family_status.member_over_60,public/audio/en/option.kfwfb_family_status.member_over_60.mp3,"Board member fisherman, 60 or older"
option.kfwfb_family_status.pensioner,public/audio/en/option.kfwfb_family_status.pensioner.mp3,"Receives the Board's fishermen pension"
option.kfwfb_family_status.widow_of_fisher,public/audio/en/option.kfwfb_family_status.widow_of_fisher.mp3,"Widow of a fisherman who was a Board member"
option.kfwfb_family_status.widow_of_pensioner,public/audio/en/option.kfwfb_family_status.widow_of_pensioner.mp3,"Widow of a Board pensioner"
option.kfwfb_family_status.bride_is_fisher,public/audio/en/option.kfwfb_family_status.bride_is_fisher.mp3,"The bride herself is a fisherworker"
option.kfwfb_family_status.fisher_parent_died,public/audio/en/option.kfwfb_family_status.fisher_parent_died.mp3,"The bride's fisherman parent has died"
option.kfwfb_family_status.none,public/audio/en/option.kfwfb_family_status.none.mp3,"None of these"
fact.prior_marriage_assistance,public/audio/en/fact.prior_marriage_assistance.mp3,"Has the family received this Welfare Fund marriage assistance before?"
fact.bride_18,public/audio/en/fact.bride_18.mp3,"Will the bride have completed 18 years on the marriage date?"
fact.death_by_accident,public/audio/en/fact.death_by_accident.mp3,"Was the death caused by an accident?"
fact.deceased_under_60,public/audio/en/fact.deceased_under_60.mp3,"Was the fisherman below 60 years of age when he died?"
fact.deceased_active_after_60,public/audio/en/fact.deceased_active_after_60.mp3,"If he was 60 or older: was he still working, on the fishermen list, and paying contributions regularly?"
fact.death_within_3_months,public/audio/en/fact.death_within_3_months.mp3,"Did the death happen within the last 3 months (90 days)?"
fact.regular_income_job,public/audio/en/fact.regular_income_job.mp3,"Does the widow have a job with a regular income?"
fact.widow_remarried,public/audio/en/fact.widow_remarried.mp3,"Has the widow remarried?"
fact.accident_within_3_months,public/audio/en/fact.accident_within_3_months.mp3,"Did the accident happen within the last 3 months?"
fact.family_event,public/audio/en/fact.family_event.mp3,"Has any of these happened in the family? Choose all that apply."
option.family_event.daughter_marriage,public/audio/en/option.family_event.daughter_marriage.mp3,"A daughter is getting married, or married in the last 60 days"
option.family_event.sslc_8_aplus,public/audio/en/option.family_event.sslc_8_aplus.mp3,"A child got A+ in at least 8 subjects in this year's SSLC"
option.family_event.serious_illness,public/audio/en/option.family_event.serious_illness.mp3,"Someone needs treatment for heart disease, kidney disease, cancer, a brain tumour, paralysis, or a mental illness that can be cured"
option.family_event.accident,public/audio/en/option.family_event.accident.mp3,"A fisherman was hurt in an accident and could not work for 7 days or more"
option.family_event.member_death,public/audio/en/option.family_event.member_death.mp3,"A fisherman in the family who was a Welfare Fund member has died"
option.family_event.dependant_death,public/audio/en/option.family_event.dependant_death.mp3,"In the last 3 months, a fisherman's father, mother, wife or husband, minor son or unmarried daughter died"
option.family_event.delivery,public/audio/en/option.family_event.delivery.mp3,"A woman in the family is expecting a baby or has just given birth"
option.family_event.plus_two_all_aplus,public/audio/en/option.family_event.plus_two_all_aplus.mp3,"A child got A+ in all subjects in the Higher Secondary (+2) or VHSE final exam, passing in the first attempt"
option.family_event.none,public/audio/en/option.family_event.none.mp3,"None of these"
fact.plantation_membership_years,public/audio/en/fact.plantation_membership_years.mp3,"For how many years has the worker been a continuous member of the Small Plantation Workers Welfare Fund?"
option.plantation_membership_years.0-1,public/audio/en/option.plantation_membership_years.0-1.mp3,"Up to 1 year"
option.plantation_membership_years.2-2,public/audio/en/option.plantation_membership_years.2-2.mp3,"2 years"
option.plantation_membership_years.3-4,public/audio/en/option.plantation_membership_years.3-4.mp3,"3 to 4 years"
option.plantation_membership_years.5-plus,public/audio/en/option.plantation_membership_years.5-plus.mp3,"5 years or more"
fact.incapacitated_over_2_years,public/audio/en/fact.incapacitated_over_2_years.mp3,"Has the member been continuously and permanently unable to work for more than two years?"
fact.plantation_member_death,public/audio/en/fact.plantation_member_death.mp3,"Has a member of the Small Plantation Workers Welfare Fund in your family died?"
fact.plantation_deceased_contrib_3y,public/audio/en/fact.plantation_deceased_contrib_3y.mp3,"Had the member who died paid contributions to the Fund for at least 3 years?"
fact.plantation_deceased_worked_15y,public/audio/en/fact.plantation_deceased_worked_15y.mp3,"Had the member who died worked in a small plantation for at least 15 years?"
fact.plantation_medical_treatment,public/audio/en/fact.plantation_medical_treatment.mp3,"Has the member or a family member had medical treatment for which you want help with the bills?"
fact.plantation_child_class10,public/audio/en/fact.plantation_child_class10.mp3,"Is a child of the member studying in Class X or in a higher course?"
fact.mother_age_19,public/audio/en/fact.mother_age_19.mp3,"Is the woman who is expecting or has given birth at least 19 years old?"
option.yes,public/audio/en/option.yes.mp3,"Yes"
option.no,public/audio/en/option.no.mp3,"No"
option.unknown,public/audio/en/option.unknown.mp3,"I don't know"
option.declined,public/audio/en/option.declined.mp3,"Prefer not to say"
