key,file,malayalam_text
fact.livelihood,public/audio/ml/fact.livelihood.mp3,"നിങ്ങളുടെ കുടുംബം ഏത് തൊഴിലാണ് ചെയ്യുന്നത്?"
option.livelihood.fishing,public/audio/ml/option.livelihood.fishing.mp3,"മത്സ്യബന്ധനം"
option.livelihood.plantation_worker,public/audio/ml/option.livelihood.plantation_worker.mp3,"തോട്ടം / എസ്റ്റേറ്റ് ജോലി"
option.livelihood.allied_fish_worker,public/audio/ml/option.livelihood.allied_fish_worker.mp3,"മത്സ്യബന്ധന അനുബന്ധ ജോലി"
option.livelihood.other,public/audio/ml/option.livelihood.other.mp3,"മറ്റ് ജോലി"
fact.registered_fisher,public/audio/ml/fact.registered_fisher.mp3,"ആനുകൂല്യത്തിനായി അപേക്ഷിക്കുന്ന വ്യക്തി രജിസ്റ്റർ ചെയ്ത മത്സ്യത്തൊഴിലാളിയാണോ?"
fact.active_fisher,public/audio/ml/fact.active_fisher.mp3,"ആനുകൂല്യത്തിനായി അപേക്ഷിക്കുന്ന വ്യക്തി സജീവ മത്സ്യത്തൊഴിലാളിയാണോ?"
fact.bpl,public/audio/ml/fact.bpl.mp3,"കുടുംബം ബി.പി.എൽ വിഭാഗത്തിലാണോ?"
fact.bank_account,public/audio/ml/fact.bank_account.mp3,"ആനുകൂല്യത്തിനായി അപേക്ഷിക്കുന്ന വ്യക്തിക്ക് ബാങ്ക് അക്കൗണ്ട് ഉണ്ടോ?"
fact.traditional_fisher,public/audio/ml/fact.traditional_fisher.mp3,"ആനുകൂല്യത്തിനായി അപേക്ഷിക്കുന്ന വ്യക്തി രജിസ്റ്റർ ചെയ്ത പരമ്പരാഗത മത്സ്യത്തൊഴിലാളിയാണോ?"
fact.kfwfb_member,public/audio/ml/fact.kfwfb_member.mp3,"കേരള മത്സ്യത്തൊഴിലാളി ക്ഷേമനിധി ബോർഡിൽ (മത്സ്യബോർഡ്) അംഗമാണോ?"
fact.age,public/audio/ml/fact.age.mp3,"അപേക്ഷിക്കുന്ന വ്യക്തിയുടെ പ്രായം എത്ര?"
fact.small_plantation_worker,public/audio/ml/fact.small_plantation_worker.mp3,"തൊഴിലാളി ചെറുകിട തോട്ടം തൊഴിലാളി ക്ഷേമനിധിയുടെ പരിധിയിലെ തോട്ടത്തിൽ ജോലി ചെയ്യുന്നുണ്ടോ?"
fact.plantation_90_days,public/audio/ml/fact.plantation_90_days.mp3,"കഴിഞ്ഞ 12 മാസത്തിൽ കുറഞ്ഞത് 90 ദിവസം തോട്ടത്തിൽ ജോലി ചെയ്തിട്ടുണ്ടോ?"
fact.plantation_member,public/audio/ml/fact.plantation_member.mp3,"തൊഴിലാളി ചെറുകിട തോട്ടം തൊഴിലാളി ക്ഷേമനിധി അംഗമാണോ?"
fact.unable_due_infirmity,public/audio/ml/fact.unable_due_infirmity.mp3,"അശക്തി മൂലം അംഗത്തിന് ജോലി ചെയ്യാൻ കഴിയുന്നില്ലേ?"
fact.permanent_disability,public/audio/ml/fact.permanent_disability.mp3,"അംഗത്തിന് സ്ഥിരവൈകല്യമുണ്ടോ?"
fact.daughter_marriage,public/audio/ml/fact.daughter_marriage.mp3,"അപേക്ഷിക്കാൻ ഒരു വിവാഹമുണ്ടോ: വനിതാ അംഗത്തിന്റെ സ്വന്തം വിവാഹം, അല്ലെങ്കിൽ അംഗത്തിന്റെ മകളുടെ വിവാഹം?"
fact.female_member,public/audio/ml/fact.female_member.mp3,"അപേക്ഷിക്കുന്നത് ഒരു സ്ത്രീയാണോ?"
fact.fishing_sector,public/audio/ml/fact.fishing_sector.mp3,"മത്സ്യബന്ധനം കടലിലാണോ ഉൾനാടൻ മേഖലയിലാണോ?"
option.fishing_sector.marine,public/audio/ml/option.fishing_sector.marine.mp3,"കടൽ"
option.fishing_sector.inland,public/audio/ml/option.fishing_sector.inland.mp3,"ഉൾനാടൻ"
fact.matsyafed_society_member,public/audio/ml/fact.matsyafed_society_member.mp3,"മത്സ്യഫെഡുമായി അഫിലിയേറ്റ് ചെയ്ത മത്സ്യത്തൊഴിലാളി സഹകരണ സംഘത്തിൽ അംഗമാണോ?"
fact.kfwfb_contributions_paid,public/audio/ml/fact.kfwfb_contributions_paid.mp3,"മത്സ്യത്തൊഴിലാളി ക്ഷേമനിധി വിഹിതം കുടിശ്ശികയില്ലാതെ പൂർണ്ണമായി അടച്ചിട്ടുണ്ടോ?"
fact.kfwfb_membership_years,public/audio/ml/fact.kfwfb_membership_years.mp3,"ക്ഷേമനിധി ബോർഡിൽ ആദ്യമായി വിഹിതം അടച്ചിട്ട് എത്ര വർഷമായി?"
fact.fisher_work_10_years,public/audio/ml/fact.fisher_work_10_years.mp3,"കേരളത്തിൽ കുറഞ്ഞത് 10 വർഷമെങ്കിലും മത്സ്യത്തൊഴിലാളിയായി ജോലി ചെയ്ത് ഉപജീവനം കഴിച്ചിട്ടുണ്ടോ?"
fact.retired_from_fishing,public/audio/ml/fact.retired_from_fishing.mp3,"മത്സ്യബന്ധന തൊഴിലിൽ നിന്ന് വിരമിച്ചോ?"
fact.annual_family_income,public/audio/ml/fact.annual_family_income.mp3,"കുടുംബത്തിന്റെ ഒരു വർഷത്തെ ആകെ വരുമാനം എത്ര?"
fact.kfwfb_family_status,public/audio/ml/fact.kfwfb_family_status.mp3,"ഇവയിൽ ഏതെല്ലാമാണ് നിങ്ങളുടെ കുടുംബത്തിന് ബാധകം? ബാധകമായതെല്ലാം തിരഞ്ഞെടുക്കുക."
option.kfwfb_family_status.member_under_60,public/audio/ml/option.kfwfb_family_status.member_under_60.mp3,"60 വയസ്സിൽ താഴെയുള്ള ബോർഡ് അംഗമായ മത്സ്യത്തൊഴിലാളി"
option.kfwfb_family_status.member_over_60,public/audio/ml/option.kfwfb_family_status.member_over_60.mp3,"60 വയസ്സോ അതിൽ കൂടുതലോ ഉള്ള ബോർഡ് അംഗമായ മത്സ്യത്തൊഴിലാളി"
option.kfwfb_family_status.pensioner,public/audio/ml/option.kfwfb_family_status.pensioner.mp3,"ബോർഡിന്റെ മത്സ്യത്തൊഴിലാളി പെൻഷൻ വാങ്ങുന്നയാൾ"
option.kfwfb_family_status.widow_of_fisher,public/audio/ml/option.kfwfb_family_status.widow_of_fisher.mp3,"ബോർഡ് അംഗമായിരുന്ന മത്സ്യത്തൊഴിലാളിയുടെ വിധവ"
option.kfwfb_family_status.widow_of_pensioner,public/audio/ml/option.kfwfb_family_status.widow_of_pensioner.mp3,"ബോർഡ് പെൻഷൻകാരന്റെ വിധവ"
option.kfwfb_family_status.bride_is_fisher,public/audio/ml/option.kfwfb_family_status.bride_is_fisher.mp3,"വധു തന്നെ മത്സ്യത്തൊഴിലാളിയാണ്"
option.kfwfb_family_status.fisher_parent_died,public/audio/ml/option.kfwfb_family_status.fisher_parent_died.mp3,"വധുവിന്റെ മത്സ്യത്തൊഴിലാളിയായ അച്ഛനോ അമ്മയോ മരിച്ചു"
option.kfwfb_family_status.none,public/audio/ml/option.kfwfb_family_status.none.mp3,"ഇവയൊന്നുമല്ല"
fact.prior_marriage_assistance,public/audio/ml/fact.prior_marriage_assistance.mp3,"ഈ ക്ഷേമനിധി വിവാഹ ധനസഹായം മുമ്പ് ലഭിച്ചിട്ടുണ്ടോ?"
fact.bride_18,public/audio/ml/fact.bride_18.mp3,"വിവാഹ തീയതിക്ക് വധുവിന് 18 വയസ്സ് പൂർത്തിയാകുമോ?"
fact.death_by_accident,public/audio/ml/fact.death_by_accident.mp3,"മരണം അപകടം മൂലമായിരുന്നോ?"
fact.deceased_under_60,public/audio/ml/fact.deceased_under_60.mp3,"മരിക്കുമ്പോൾ മത്സ്യത്തൊഴിലാളിക്ക് 60 വയസ്സിൽ താഴെയായിരുന്നോ?"
fact.deceased_active_after_60,public/audio/ml/fact.deceased_active_after_60.mp3,"60 വയസ്സോ അതിൽ കൂടുതലോ ആയിരുന്നെങ്കിൽ: തൊഴിൽ തുടരുകയും പട്ടികയിൽ പേരുണ്ടായിരിക്കുകയും വിഹിതം കൃത്യമായി അടക്കുകയും ചെയ്തിരുന്നോ?"
fact.death_within_3_months,public/audio/ml/fact.death_within_3_months.mp3,"മരണം കഴിഞ്ഞ 3 മാസത്തിനുള്ളിൽ (90 ദിവസം) ആയിരുന്നോ?"
fact.regular_income_job,public/audio/ml/fact.regular_income_job.mp3,"വിധവയ്ക്ക് സ്ഥിര വരുമാനമുള്ള ഉദ്യോഗമുണ്ടോ?"
fact.widow_remarried,public/audio/ml/fact.widow_remarried.mp3,"വിധവ പുനർവിവാഹം ചെയ്തിട്ടുണ്ടോ?"
fact.accident_within_3_months,public/audio/ml/fact.accident_within_3_months.mp3,"അപകടം കഴിഞ്ഞ 3 മാസത്തിനുള്ളിലായിരുന്നോ?"
fact.family_event,public/audio/ml/fact.family_event.mp3,"ഇവയിൽ ഏതെങ്കിലും കുടുംബത്തിൽ ഉണ്ടായിട്ടുണ്ടോ? ബാധകമായതെല്ലാം തിരഞ്ഞെടുക്കുക."
option.family_event.daughter_marriage,public/audio/ml/option.family_event.daughter_marriage.mp3,"മകളുടെ വിവാഹം അടുത്ത് നടക്കാനുണ്ട്, അല്ലെങ്കിൽ കഴിഞ്ഞ 60 ദിവസത്തിനുള്ളിൽ നടന്നു"
option.family_event.sslc_8_aplus,public/audio/ml/option.family_event.sslc_8_aplus.mp3,"ഈ വർഷത്തെ എസ്.എസ്.എൽ.സി-യിൽ കുട്ടിക്ക് കുറഞ്ഞത് 8 വിഷയങ്ങളിൽ എ+ ലഭിച്ചു"
option.family_event.serious_illness,public/audio/ml/option.family_event.serious_illness.mp3,"ഹൃദ്രോഗം, വൃക്കരോഗം, ക്യാൻസർ, തലച്ചോറിലെ ട്യൂമർ, തളർവാതം, ചികിൽസിച്ച് ഭേദമാക്കാവുന്ന മാനസികരോഗം എന്നിവയിൽ ഒന്നിന് ചികിൽസ ആവശ്യമുണ്ട്"
option.family_event.accident,public/audio/ml/option.family_event.accident.mp3,"അപകടം മൂലം മത്സ്യത്തൊഴിലാളിക്ക് 7 ദിവസമോ അതിൽ കൂടുതലോ ജോലി ചെയ്യാൻ കഴിഞ്ഞില്ല"
option.family_event.member_death,public/audio/ml/option.family_event.member_death.mp3,"കുടുംബത്തിലെ ക്ഷേമനിധി അംഗമായ മത്സ്യത്തൊഴിലാളി മരിച്ചു"
option.family_event.dependant_death,public/audio/ml/option.family_event.dependant_death.mp3,"കഴിഞ്ഞ 3 മാസത്തിനുള്ളിൽ മത്സ്യത്തൊഴിലാളിയുടെ അച്ഛൻ, അമ്മ, ഭാര്യ/ഭർത്താവ്, മൈനറായ മകൻ, അവിവാഹിതയായ മകൾ എന്നിവരിൽ ആരെങ്കിലും മരിച്ചു"
option.family_event.delivery,public/audio/ml/option.family_event.delivery.mp3,"കുടുംബത്തിലെ ഒരു സ്ത്രീ ഗർഭിണിയാണ്, അല്ലെങ്കിൽ അടുത്തിടെ പ്രസവിച്ചു"
option.family_event.plus_two_all_aplus,public/audio/ml/option.family_event.plus_two_all_aplus.mp3,"ഹയർ സെക്കന്ററി (+2) / വി.എച്ച്.എസ്.ഇ അവസാന വർഷ പരീക്ഷയിൽ ആദ്യ അവസരത്തിൽ തന്നെ കുട്ടിക്ക് എല്ലാ വിഷയങ്ങളിലും എ+ ലഭിച്ചു"
option.family_event.none,public/audio/ml/option.family_event.none.mp3,"ഇവയൊന്നുമല്ല"
fact.plantation_membership_years,public/audio/ml/fact.plantation_membership_years.mp3,"തൊഴിലാളി എത്ര വർഷമായി തുടർച്ചയായി ചെറുകിട തോട്ടം തൊഴിലാളി ക്ഷേമനിധി അംഗമാണ്?"
fact.incapacitated_over_2_years,public/audio/ml/fact.incapacitated_over_2_years.mp3,"അംഗത്തിന് രണ്ട് വർഷത്തിലധികമായി തുടർച്ചയായും സ്ഥിരമായും ജോലി ചെയ്യാൻ കഴിയാത്ത അവസ്ഥയാണോ?"
fact.plantation_member_death,public/audio/ml/fact.plantation_member_death.mp3,"നിങ്ങളുടെ കുടുംബത്തിലെ ചെറുകിട തോട്ടം തൊഴിലാളി ക്ഷേമനിധി അംഗം മരിച്ചോ?"
fact.plantation_deceased_contrib_3y,public/audio/ml/fact.plantation_deceased_contrib_3y.mp3,"മരിച്ച അംഗം കുറഞ്ഞത് 3 വർഷമെങ്കിലും ക്ഷേമനിധിയിൽ വിഹിതം അടച്ചിരുന്നോ?"
fact.plantation_deceased_worked_15y,public/audio/ml/fact.plantation_deceased_worked_15y.mp3,"മരിച്ച അംഗം കുറഞ്ഞത് 15 വർഷമെങ്കിലും ചെറുകിട തോട്ടത്തിൽ ജോലി ചെയ്തിരുന്നോ?"
fact.plantation_medical_treatment,public/audio/ml/fact.plantation_medical_treatment.mp3,"അംഗത്തിനോ കുടുംബാംഗത്തിനോ ചികിൽസ വേണ്ടിവന്നിട്ട് അതിന്റെ ബില്ലുകൾക്ക് സഹായം വേണോ?"
fact.plantation_child_class10,public/audio/ml/fact.plantation_child_class10.mp3,"അംഗത്തിന്റെ കുട്ടി പത്താം ക്ലാസിലോ അതിനു മുകളിലുള്ള കോഴ്സിലോ പഠിക്കുന്നുണ്ടോ?"
fact.mother_age_19,public/audio/ml/fact.mother_age_19.mp3,"ഗർഭിണിയായ / പ്രസവിച്ച സ്ത്രീക്ക് 19 വയസ്സെങ്കിലും പ്രായമുണ്ടോ?"
option.yes,public/audio/ml/option.yes.mp3,"അതെ"
option.no,public/audio/ml/option.no.mp3,"അല്ല"
option.unknown,public/audio/ml/option.unknown.mp3,"അറിയില്ല"
